UID,name,username,password,history
0,John Doe,johndoe928,Xt4!s2Pz,{}
1,Jane Smith,janesmith437,Aq8@d5Mv,{}
2,Bob Johnson,bobjohnson654,Zx7#q1Lr,{}
3,Alice Brown,alicebrown329,Lm5*e9Nz,{}
4,Charlie Davis,charliedavis876,Qw6&k4Rv,{}
5,Emily Wilson,emilywilson214,Bv3#h7Ty,{}
6,Frank Moore,frankmoore587,Fd4!n8Pw,{}
7,Grace Taylor,gracetaylor930,Js1*o6Vz,{}
8,Hank Anderson,hankanderson342,Kt3@r9Lv,{}
9,Ivy Thomas,ivythomas561,Na7$g4Xc,{}
10,Jack White,jackwhite104,Hg2&v5Yr,{}
11,Kate Harris,kateharris871,Ds6#o1Mw,{}
12,Liam Martin,liammartin209,Ru9*e3Vz,{}
13,Mia Lee,mialee396,Tr7&u8Xw,{}
14,Noah Walker,noahwalker435,Kg3$y5Nq,{}
15,Olivia Hall,oliviahall672,Lb5%t9Rw,{}
16,Paul Allen,paulallen583,Ym4@w7Qz,{}
17,Quinn Young,quinnyoung219,Xs3#o8Lv,{}
18,Ruby King,rubyking789,Ws9*e5Nz,{}
19,Sam Scott,samscott473,Qt1!k6Yw,{}
20,Tina Green,tinagreen504,Hr2&v4Xc,{}
21,Umar Adams,umaradams618,Js8$o3Mw,{}
22,Vera Clark,veraclark327,Kt6*r2Vz,{}
23,Wade Lewis,wadelewis954,Zn7%g9Pw,{}
24,Xena Hill,xenahill183,Na4@y5Lv,{}
25,Yara Nelson,yaranelson740,Bv1#u6Rw,{}
26,Zane Baker,zanebaker361,Qw8&e3Xz,{}
27,Anna Rivera,annarivera289,Hg3!k7Nq,{}
28,Brandon Perez,brandonperez598,Lm9*r5Yw,{}
29,Cindy Roberts,cindyroberts107,Ru2%o8Nz,{}
30,Daniel Carter,danielcarter856,Kt5&v4Pw,{}
31,Ella Phillips,ellaphillips423,Ym6@w1Vz,{}
32,George Mitchell,georgemitchell671,Zx4#u3Lv,{}
33,Hannah Wright,hannahwright284,Xs7*e9Rw,{}
34,Isla Bennett,islabennett935,Ws1!o5Xc,{}
35,Jacob Green,jacobgreen472,Qt9&k2Mw,{}
36,Karen Hughes,karenhughes320,Hr3%v7Vz,{}
37,Leo Adams,leoadams789,Na5@r8Pw,{}
38,Molly Morris,mollymorris142,Js4$o1Xc,{}
39,Nathan Ross,nathanross503,Lb6*y9Rw,{}
40,Owen Foster,owenfoster214,Ym8&w2Vz,{}
41,Piper Bryant,piperbryant679,Zn2#t3Lv,{}
42,Quincy Cox,quincycox348,Ws6*o7Pw,{}
43,Rachel Diaz,racheldiaz905,Hg1@k4Xc,{}
44,Steven Bell,stevenbell732,Kt7&r9Rw,{}
45,Tamara Brooks,tamarabrooks681,Qw5%e6Lv,{}
46,Ursula Price,ursulaprice329,Ru3*o4Vz,{}
47,Victor Reed,victorreed157,Xs8&y5Pw,{}
48,Wendy Long,wendylong894,Qt4!k7Xc,{}
49,Xavier Hughes,xavierhughes536,Ym2@w9Rw,{}
50,Yasmine Evans,yasmineevans201,Zn3#r6Lv,{}
51,Zara Fisher,zarafisher762,Lb1*u5Pw,{}
52,Aaron Fox,aaronfox493,Js2&o8Xc,{}
53,Bella Grant,bellagrant740,Na9@k3Rw,{}
54,Carl Hayes,carlhayes186,Hg6%v1Lv,{}
55,Daisy Jenkins,daisyjenkins582,Qt7*e4Pw,{}
56,Edward Kelly,edwardkelly301,Ru1&o5Xc,{}
57,Fiona Lane,fionalane647,Ym4@w3Rw,{}
58,Gary Mills,garymills872,Zn8#y7Lv,{}
59,Heidi Olson,heidiolson120,Xs5*r2Pw,{}
60,Ian Perry,ianperry361,Js9!o6Xc,{}
61,Jenny Ramirez,jennyramirez584,Lb3%v5Rw,{}
62,Kevin Russell,kevinrussell210,Qw4*k1Lv,{}
63,Lydia Shaw,lydiashaw673,Na2@y8Pw,{}
64,Mason Turner,masonturner493,Hr9&o4Xc,{}
65,Nina Ward,ninaward781,Ym5@r3Rw,{}
66,Oscar Young,oscaryoung146,Zx1#u9Lv,{}
67,Penny Brooks,pennybrooks592,Lm8%y6Pw,{}
68,Quinn Carter,quinncarter307,Ru6&e5Xc,{}
69,Rachel Diaz,racheldiaz871,Xs3!o1Rw,{}
70,Sam Miller,sammiller469,Js7&v2Lv,{}
71,Tina Nelson,tinanelson192,Na4*r3Pw,{}
72,Umar O'Connor,umaroconnor506,Qw9@k8Xc,{}
73,Victor Price,victorprice638,Hg5%o6Rw,{}
74,Wade Quinn,wadequinn245,Ym1&e4Lv,{}
75,Xander Reid,xanderreid729,Zn7@y2Pw,{}
76,Yvonne Stone,yvonnestone330,Qt2*k9Xc,{}
77,Zoe Thomas,zoethomas194,Lb5&r3Rw,{}
78,Aiden White,aidenwhite580,Js1@o7Lv,{}
79,Bryan Wright,bryanwright683,Na3%y6Pw,{}
80,Cara Young,carayoung415,Qw8&k4Xc,{}
81,Derek Zane,derekzane102,Hr2*u9Rw,{}
82,Elena Adams,elenaadams759,Ym6@o1Lv,{}
83,Frank Bell,frankbell328,Zx5#e7Pw,{}
84,Grace Cook,gracecook491,Qt9*v2Xc,{}
85,Holly Davis,hollydavis163,Ru4!y8Rw,{}
86,Isaac Evans,isaacevans507,Kt3&o5Lv,{}
87,Jack Foster,jackfoster729,Na1@r6Pw,{}
88,Kate Grant,kategrant489,Hg2%v3Xc,{}
89,Louis Harris,louisharris810,Js6*y7Rw,{}
90,Mary Jackson,maryjackson374,Lb9&u4Lv,{}
91,Nina King,ninaking524,Qw1@o8Pw,{}
92,Owen Lee,owenlee193,Ym5*r2Xc,{}
93,Pam Morris,pammorris671,Zn4#y5Rw,{}
94,Quincy Nelson,quincynelson482,Xs3&k6Lv,{}
95,Rachel O'Brien,rachelo'brien718,Qt7@e1Pw,{}
96,Sam Peters,sampeters359,Hr9%v8Xc,{}
97,Tina Quinn,tinaquinn570,Js4*o3Rw,{}
98,Umar Roberts,umarroberts194,Ru2@y7Lv,{}
99,Vera Smith,verasmith860,Na8@k5Pw,{}
100,Wade Taylor,wadetaylor253,Hg6#e4Xc,{}
101,Xena Young,xenayoung789,Ym3!v9Rw,{}
102,Yara Bennett,yarabennett461,Zn5&u1Lv,{}
103,Zane Carter,zanecarter174,Qt1*r6Pw,{}
104,Amy Davis,amydavis385,Js9@o2Xc,{}
105,Ben Evans,benevans647,Lb4%y3Rw,{}
106,Claire Foster,clairefoster702,Na7&e5Lv,{}
107,Dylan Green,dylangreen539,Ru3!k8Pw,{}
108,Emily Hill,emilyhill481,Kt5*o9Xc,{}
109,Felix Jenkins,felixjenkins614,Hr6@v4Rw,{}
110,Gina King,ginaking280,Ym9&u2Lv,{}
111,Hugo Lopez,hugolopez789,Zx2#r7Pw,{}
112,Ian Martin,ianmartin357,Qt3!e6Xc,{}
113,Jade Nelson,jadenelson649,Js1%o4Rw,{}
114,Kyle Owens,kyleowens503,Lb8*y7Lv,{}
115,Lana Parker,lanaparker172,Ru6&v9Pw,{}
116,Mason Reed,masonreed396,Na4@o5Xc,{}
117,Nina Scott,ninascott871,Hr2!k3Rw,{}
118,Omar Thomas,omarthomas618,Ym7&y8Lv,{}
119,Pam White,pamwhite214,Zn9*u1Pw,{}
120,Quinn Young,quinnyoung347,Qt5%v4Xc,{}
121,Rita Adams,ritaadams596,Js8@o6Rw,{}
122,Steve Brown,stevebrown480,Lb1&e9Lv,{}
123,Tom Carter,tomcarter351,Ru9*k5Pw,{}
124,Umar Diaz,umardiaz729,Na3!o2Xc,{}
125,Vera Evans,veraevans408,Hr7@v1Rw,{}
126,Wendy Fisher,wendyfisher563,Ym2&u8Lv,{}
127,Xander Green,xandergreen490,Zx8%k6Pw,{}
128,Yara Harris,yaraharris183,Qt4*o7Xc,{}
129,Zara Jenkins,zarajenkins571,Js9&r3Rw,{}
130,Aiden King,aidenking349,Lb2@v5Lv,{}
131,Bob Lewis,boblewis792,Ru1*y8Pw,{}
132,Carl Martin,carlmartin681,Na7&e4Xc,{}
133,Diana Nelson,diananelson514,Hr3%k6Rw,{}
134,Elena Owens,elenaowens309,Ym9@o1Lv,{}
135,Frank Parker,frankparker721,Zn4&y5Pw,{}
136,Gary Quinn,garyquinn860,Qt6*r2Xc,{}
137,Holly Reed,hollyreed438,Js2!v8Rw,{}
138,Ian Scott,ianscott105,Lb9%k3Lv,{}
139,Jane Taylor,janetaylor672,Ru5@o7Pw,{}
140,Kate Adams,kateadams413,Na6*e1Xc,{}
141,Liam Brown,liambrown581,Hr8!v2Rw,{}
142,Mary Carter,marycarter294,Ym1&r4Lv,{}
143,Nina Davis,ninadavis467,Zx3@k9Pw,{}
144,Oscar Evans,oscarevans720,Qt7&o5Xc,{}
145,Pam Green,pamgreen380,Js4%y2Rw,{}
146,Quinn Harris,quinnharris569,Lb8!e6Lv,{}
147,Rita Jenkins,ritajenkins217,Ru2*v1Pw,{}
148,Steve King,steveking304,Na3@o8Xc,{}
149,Tina Lopez,tinalopez781,Hr6%y5Rw,{}
150,Umar Martin,umarmartin590,Ym9&r2Lv,{}
151,Vera Nelson,veranelson148,Zn1*o6Pw,{}
152,Wade Owens,wadeowens607,Qt5@k4Xc,{}
153,Xena Parker,xenaparker295,Js3!v8Rw,{}
154,Yara Quinn,yaraquinn740,Lb7&e1Lv,{}
155,Zane Reed,zanereed361,Ru9&o7Pw,{}
156,Amy Scott,amyscott612,Na2*k5Xc,{}
157,Bob Taylor,bobtaylor430,Hr4%v9Rw,{}
158,Claire Adams,claireadams278,Ym8!e3Lv,{}
159,Dylan Brown,dylanbrown159,Zx6&r4Pw,{}
160,Emily Carter,emilycarter793,Qt2@o5Xc,{}
161,Felix Davis,felixdavis520,Js9*y6Rw,{}
162,Gina Evans,ginaevans137,Lb1%e2Lv,{}
163,Hugo Green,hugogreen485,Ru7!k3Pw,{}
164,Ian Harris,ianharris604,Na5&y7Xc,{}
165,Jade Jenkins,jadejenkins351,Hr3@o1Rw,{}
166,Kyle King,kyleking728,Ym6*v8Lv,{}
167,Lana Lopez,lanalopez489,Zn4!e5Pw,{}
168,Mason Martin,masonmartin170,Qt7&r2Xc,{}
169,Nina Nelson,ninanelson648,Js1@o9Rw,{}
170,Omar Parker,omarparker295,Lb3%y4Lv,{}
171,Pam Quinn,pamquinn518,Ru6&e1Pw,{}
172,Quinn Reed,quinnreed720,Na8!k5Xc,{}
173,Rita Scott,ritascott490,Hr9&v6Rw,{}
174,Steve Taylor,stevetaylor603,Ym4@o2Lv,{}
175,Tina Adams,tinaadams327,Zx2*y8Pw,{}
176,Umar Brown,umarbrown517,Qt5%r7Xc,{}
177,Vera Carter,veracarter189,Js3!e4Rw,{}
178,Wendy Davis,wendydavis264,Lb1&y9Lv,{}
179,Xander Evans,xanderevans481,Ru7@o3Pw,{}
180,Yara Green,yaragreen536,Na6%k2Xc,{}
181,Zara Harris,zaraharris150,Hr4*v8Rw,{}
182,Aiden Jenkins,aidenjenkins723,Ym1!e6Lv,{}
183,Bob King,bobking394,Zn7&o5Pw,{}
184,Carl Lopez,carllopez850,Qt9@v3Xc,{}
185,Diana Martin,dianamartin631,Js2*k1Rw,{}
186,Elena Nelson,elenanelson214,Lb6%e7Lv,{}
187,Frank Parker,frankparker429,Ru3!o4Pw,{}
188,Gary Quinn,garyquinn590,Na8&r2Xc,{}
189,Holly Reed,hollyreed342,Hr7@k6Rw,{}
190,Ian Scott,ianscott189,Ym4*o1Lv,{}
191,Jane Taylor,janetaylor601,Zx5%v8Pw,{}
192,Kate Adams,kateadams274,Qt3&y5Xc,{}
193,Liam Brown,liambrown759,Js6!k4Rw,{}
194,Mary Carter,marycarter483,Lb1@o2Lv,{}
195,Nina Davis,ninadavis620,Ru9*e7Pw,{}
196,Oscar Evans,oscarevans347,Na4&y5Xc,{}
197,Pam Green,pamgreen719,Hr2!k9Rw,{}
198,Quinn Harris,quinnharris482,Ym7@v3Lv,{}
199,Rita Jenkins,ritajenkins568,Zx1*e4Pw,{}
200,Steve King,steveking640,Jh5@u8Zw,{}
201,Tina Lopez,tinalopez729,Kt3#i4Vm,{}
202,Umar Martin,umarmartin248,Lp7%t9Rc,{}
203,Vera Nelson,veranelson395,Ws1&y3Xp,{}
204,Wade Owens,wadeowens812,Xd6@k2Mw,{}
205,Xena Parker,xenaparker563,Fj4!o7Lb,{}
206,Yara Quinn,yaraquinn140,Hr8#v5Kq,{}
207,Zane Reed,zanereed457,Qw9%e3Nt,{}
208,Amy Scott,amyscott639,Bx2&j6Vm,{}
209,Bob Taylor,bobtaylor720,Yt5!r8Zw,{}
210,Claire Adams,claireadams437,Zd7#u3Km,{}
211,Dylan Brown,dylanbrown384,Mt4%y9Np,{}
212,Emily Carter,emilycarter523,Ds1&k2Vr,{}
213,Felix Davis,felixdavis176,Xh8@o5Lp,{}
214,Gina Evans,ginaevans639,Kr3!v7Nm,{}
215,Hugo Green,hugogreen286,Ws6%t4Xc,{}
216,Ian Harris,ianharris513,Ld9#o3Kp,{}
217,Jade Jenkins,jadejenkins734,Tx5&e2Vr,{}
218,Kyle King,kyleking485,Zd8@j7Nm,{}
219,Lana Lopez,lanalopez592,Fp4!v6Mw,{}
220,Mason Martin,masonmartin123,Xh2#y8Rp,{}
221,Nina Nelson,ninanelson309,Kr9%t3Jm,{}
222,Omar Parker,omarparker678,Ws1&u5Lp,{}
223,Pam Quinn,pamquinn157,Bx4@v2Kc,{}
224,Quinn Reed,quinnreed346,Jh7!k3Wq,{}
225,Rita Scott,ritascott239,Ds6#t9Vm,{}
226,Steve Taylor,stevetaylor812,Mt3%y4Lp,{}
227,Tina Adams,tinaadams495,Yt8@o2Kp,{}
228,Umar Brown,umarbrown180,Kr2!v5Nm,{}
229,Vera Carter,veracarter351,Ws7#j8Xc,{}
230,Wendy Davis,wendydavis648,Xd5%e3Lp,{}
231,Xander Evans,xanderevans157,Lp9@u4Kp,{}
232,Yara Green,yaragreen716,Fj1!k6Vm,{}
233,Zara Harris,zaraharris243,Jh6#o9Mw,{}
234,Aiden Jenkins,aidenjenkins570,Tx2%t8Lp,{}
235,Bob King,bobking487,Zd4@k3Jm,{}
236,Carl Lopez,carllopez138,Bx7!v2Np,{}
237,Diana Martin,dianamartin526,Kr5&o6Vp,{}
238,Elena Nelson,elenanelson694,Ws9#j1Xm,{}
239,Frank Parker,frankparker249,Xh3%t4Rc,{}
240,Gary Quinn,garyquinn305,Ld8@u7Lp,{}
241,Holly Reed,hollyreed712,Ds2!v9Vm,{}
242,Ian Scott,ianscott189,Tx6#y5Nm,{}
243,Jane Taylor,janetaylor389,Yt1%e3Kp,{}
244,Kate Adams,kateadams526,Kr7@j6Vp,{}
245,Liam Brown,liambrown264,Ws3!o2Xc,{}
246,Mary Carter,marycarter649,Fp6#v9Mw,{}
247,Nina Davis,ninadavis192,Jh2&y4Rc,{}
248,Oscar Evans,oscarevans357,Qw5!t8Np,{}
249,Pam Green,pamgreen784,Tx7#u1Jm,{}
250,Quinn Harris,quinnharris495,Bx4@k3Vm,{}
251,Rita Jenkins,ritajenkins163,Kr2!v7Lp,{}
252,Steve King,steveking814,Ws8#o5Rc,{}
253,Tina Lopez,tinalopez629,Xd3&t9Km,{}
254,Umar Martin,umarmartin102,Lp5@k2Vm,{}
255,Vera Nelson,veranelson385,Ds9!u3Xc,{}
256,Wade Owens,wadeowens479,Tx1#y6Lp,{}
257,Xena Parker,xenaparker670,Yt8@v5Nm,{}
258,Yara Quinn,yaraquinn143,Kr7#o3Xp,{}
259,Zane Reed,zanereed286,Jh4%t1Rc,{}
260,Amy Scott,amyscott793,Fp9&k8Wm,{}
261,Bob Taylor,bobtaylor162,Ws5!v6Lp,{}
262,Claire Adams,claireadams540,Xd2#u4Np,{}
263,Dylan Brown,dylanbrown405,Lp8@o3Xm,{}
264,Emily Carter,emilycarter682,Kr3%y7Np,{}
265,Felix Davis,felixdavis251,Bx6&t9Kc,{}
266,Gina Evans,ginaevans743,Ds4!v2Lp,{}
267,Hugo Green,hugogreen369,Tx9#u5Nm,{}
268,Ian Harris,ianharris193,Yt7&k3Vp,{}
269,Jade Jenkins,jadejenkins584,Kr5@o8Rc,{}
270,Kyle King,kyleking210,Ws3!v6Xm,{}
271,Lana Lopez,lanalopez675,Xd1#y4Np,{}
272,Mason Martin,masonmartin598,Fp7&u2Vm,{}
273,Nina Nelson,ninanelson312,Jh2!o5Rc,{}
274,Omar Parker,omarparker780,Qw8#v9Np,{}
275,Pam Quinn,pamquinn175,Tx3%t4Kc,{}
276,Quinn Reed,quinnreed493,Zd5@u6Lp,{}
277,Rita Scott,ritascott168,Bx1!k7Vp,{}
278,Steve Taylor,stevetaylor251,Lp4#v8Rc,{}
279,Tina Adams,tinaadams359,Kr2&t3Np,{}
280,Umar Brown,umarbrown620,Ds7@k1Xm,{}
281,Vera Carter,veracarter780,Tx4%v9Lp,{}
282,Wendy Davis,wendydavis153,Yt2!o6Np,{}
283,Xander Evans,xanderevans610,Kr9#y4Vp,{}
284,Yara Green,yaragreen729,Ws3@u1Rc,{}
285,Zara Harris,zaraharris436,Xd7&k8Vm,{}
286,Aiden Jenkins,aidenjenkins185,Jh1!v2Np,{}
287,Bob King,bobking540,Fp5#o9Lp,{}
288,Carl Lopez,carllopez739,Tx8&k3Xm,{}
289,Diana Martin,dianamartin150,Yt4%t6Np,{}
290,Elena Nelson,elenanelson472,Kr1@v7Kc,{}
291,Frank Parker,frankparker658,Bx9!y2Lp,{}
292,Gary Quinn,garyquinn317,Lp6&o4Nm,{}
293,Holly Reed,hollyreed580,Ds3#v8Rc,{}
294,Ian Scott,ianscott763,Tx1@u2Lp,{}
295,Jane Taylor,janetaylor218,Xd6&y7Np,{}
296,Kate Adams,kateadams315,Fp8#o1Xm,{}
297,Liam Brown,liambrown479,Jh3%k6Np,{}
298,Mary Carter,marycarter394,Kr7!v5Lp,{}
299,Nina Davis,ninadavis235,Ws2&t9Rc,{}
300,Oscar Evans,oscarevans541,Tx9#o4Xm,{}
301,Pam Green,pamgreen679,Yt5&u7Np,{}
302,Quinn Harris,quinnharris824,Kr1@v2Lp,{}
303,Rita Jenkins,ritajenkins493,Bx7%y8Rc,{}
304,Steve King,steveking205,Xd3!k6Np,{}
305,Tina Lopez,tinalopez769,Fp4#o9Xm,{}
306,Umar Martin,umarmartin314,Lp9&u1Np,{}
307,Vera Nelson,veranelson690,Tx5@v7Lp,{}
308,Wade Owens,wadeowens157,Yt2!o3Rc,{}
309,Xena Parker,xenaparker801,Kr4#t8Np,{}
310,Yara Quinn,yaraquinn292,Ws6&u5Xm,{}
311,Zane Reed,zanereed413,Xd7@k9Np,{}
312,Amy Scott,amyscott594,Jh8%v4Rc,{}
313,Bob Taylor,bobtaylor273,Fp1!o2Xm,{}
314,Claire Adams,claireadams450,Lp7&y6Np,{}
315,Dylan Brown,dylanbrown738,Tx2@u3Kc,{}
316,Emily Carter,emilycarter185,Yt6#v9Lp,{}
317,Felix Davis,felixdavis439,Kr8!k1Np,{}
318,Gina Evans,ginaevans582,Ws3&u2Xm,{}
319,Hugo Green,hugogreen137,Xd5@o7Lp,{}
320,Ian Harris,ianharris408,Jh2%y3Rc,{}
321,Jade Jenkins,jadejenkins591,Fp4!k8Np,{}
322,Kyle King,kyleking639,Tx7#u5Lp,{}
323,Lana Lopez,lanalopez246,Yt9&o6Np,{}
324,Mason Martin,masonmartin125,Kr1@v2Rc,{}
325,Nina Nelson,ninanelson384,Bx6!u4Xm,{}
326,Omar Parker,omarparker574,Lp3%k7Np,{}
327,Pam Quinn,pamquinn719,Ws9@v5Kc,{}
328,Quinn Reed,quinnreed814,Tx8&y2Lp,{}
329,Rita Scott,ritascott279,Yt1#o3Np,{}
330,Steve Taylor,stevetaylor350,Kr7!u6Rc,{}
331,Tina Adams,tinaadams490,Xd4%k1Xm,{}
332,Umar Brown,umarbrown621,Fp2@v8Lp,{}
333,Vera Carter,veracarter380,Ws5&u4Np,{}
334,Wendy Davis,wendydavis742,Jh3#y7Rc,{}
335,Xander Evans,xanderevans159,Tx1!k5Xm,{}
336,Yara Green,yaragreen340,Lp8&o2Lp,{}
337,Zara Harris,zaraharris631,Yt7%u9Np,{}
338,Aiden Jenkins,aidenjenkins412,Kr4@v6Rc,{}
339,Bob King,bobking713,Ws2!y3Xm,{}
340,Carl Lopez,carllopez235,Xd9#o8Lp,{}
341,Diana Martin,dianamartin548,Fp5&t1Np,{}
342,Elena Nelson,elenanelson160,Jh7@u2Kc,{}
343,Frank Parker,frankparker762,Tx6%v7Lp,{}
344,Gary Quinn,garyquinn345,Yt4!o3Np,{}
345,Holly Reed,hollyreed539,Kr8&u6Rc,{}
346,Ian Scott,ianscott810,Bx3@k1Xm,{}
347,Jane Taylor,janetaylor293,Lp5%y9Lp,{}
348,Kate Adams,kateadams643,Ws1!v2Np,{}
349,Liam Brown,liambrown748,Xd3&o5Rc,{}
350,Mary Carter,marycarter479,Tx9#u7Xm,{}
351,Nina Davis,ninadavis291,Fp6%o4Lp,{}
352,Oscar Evans,oscarevans850,Jh4@k2Np,{}
353,Pam Green,pamgreen129,Kr3&y6Lp,{}
354,Quinn Harris,quinnharris704,Ws9!u1Np,{}
355,Rita Jenkins,ritajenkins546,Tx2#o5Rc,{}
356,Steve King,steveking398,Xd8%k3Xm,{}
357,Tina Lopez,tinalopez270,Fp7!v9Lp,{}
358,Umar Martin,umarmartin635,Lp1&u4Np,{}
359,Vera Nelson,veranelson483,Jh5@o2Rc,{}
360,Wade Owens,wadeowens748,Tx6%k3Xm,{}
361,Xena Parker,xenaparker351,Yt9!u5Np,{}
362,Yara Quinn,yaraquinn162,Kr4&o8Lp,{}
363,Zane Reed,zanereed243,Ws2@v1Rc,{}
364,Amy Scott,amyscott859,Xd5#k7Lp,{}
365,Bob Taylor,bobtaylor420,Fp8!o2Np,{}
366,Claire Adams,claireadams573,Jh3%v9Rc,{}
367,Dylan Brown,dylanbrown619,Tx1@u4Kc,{}
368,Emily Carter,emilycarter738,Ws7&y5Lp,{}
369,Felix Davis,felixdavis241,Kr2!k8Np,{}
370,Gina Evans,ginaevans589,Lp9#o1Rc,{}
371,Hugo Green,hugogreen154,Fp4%u6Xm,{}
372,Ian Harris,ianharris630,Xd7@v3Np,{}
373,Jade Jenkins,jadejenkins285,Tx5&y1Rc,{}
374,Kyle King,kyleking473,Jh9!o7Lp,{}
375,Lana Lopez,lanalopez796,Yt2#u8Xm,{}
376,Mason Martin,masonmartin501,Kr6@k9Np,{}
377,Nina Nelson,ninanelson130,Bx3&v2Rc,{}
378,Omar Parker,omarparker258,Lp4%u7Xm,{}
379,Pam Quinn,pamquinn769,Ws8!y1Lp,{}
380,Quinn Reed,quinnreed583,Tx2&o3Np,{}
381,Rita Scott,ritascott734,Xd6#k5Rc,{}
382,Steve Taylor,stevetaylor152,Fp1%u9Xm,{}
383,Tina Adams,tinaadams415,Kr5@o4Lp,{}
384,Umar Brown,umarbrown678,Tx9!v1Np,{}
385,Vera Carter,veracarter380,Ws3&u6Rc,{}
386,Wendy Davis,wendydavis259,Lp7#o2Xm,{}
387,Xander Evans,xanderevans742,Xd2%y3Lp,{}
388,Yara Green,yaragreen415,Tx8!v9Np,{}
389,Zara Harris,zaraharris160,Fp6@o7Rc,{}
390,Aiden Jenkins,aidenjenkins370,Kr1#u4Xm,{}
391,Bob King,bobking279,Ws4!k3Np,{}
392,Carl Lopez,carllopez843,Jh9&y6Rc,{}
393,Diana Martin,dianamartin490,Tx3@v1Xm,{}
394,Elena Nelson,elenanelson256,Xd5%u8Lp,{}
395,Frank Parker,frankparker341,Fp2!k7Np,{}
396,Gary Quinn,garyquinn159,Lp6#o9Rc,{}
397,Holly Reed,hollyreed528,Ws7&y4Xm,{}
398,Ian Scott,ianscott470,Jh1@v3Lp,{}
399,Jane Taylor,janetaylor349,Tx5!o2Np,{}
400,Kate Adams,kateadams693,Xd9%k1Np,{}
401,Liam Brown,liambrown514,Fp3@u6Lp,{}
402,Mary Carter,marycarter820,Kr8!v2Rc,{}
403,Nina Davis,ninadavis197,Ws6&y9Xm,{}
404,Oscar Evans,oscarevans648,Lp1#o7Np,{}
405,Pam Green,pamgreen293,Tx4!k9Lp,{}
406,Quinn Harris,quinnharris620,Jh2%u4Rc,{}
407,Rita Jenkins,ritajenkins528,Xd7#v4Xm,{}
408,Steve King,steveking395,Fp3!k9Lp,{}
409,Tina Lopez,tinalopez178,Kr6&o5Np,{}
410,Umar Martin,umarmartin753,Ws2!v7Rc,{}
411,Vera Nelson,veranelson296,Tx5@u1Lp,{}
412,Wade Owens,wadeowens480,Jh9%k3Np,{}
413,Xena Parker,xenaparker721,Xd6!v4Rc,{}
414,Yara Quinn,yaraquinn369,Fp1#o9Np,{}
415,Zane Reed,zanereed502,Kr7@k1Rc,{}
416,Amy Scott,amyscott640,Ws9&o3Np,{}
417,Bob Taylor,bobtaylor285,Tx4!k7Lp,{}
418,Claire Adams,claireadams186,Jh2%v4Rc,{}
419,Dylan Brown,dylanbrown537,Xd9@o1Lp,{}
420,Emily Carter,emilycarter680,Fp3!u9Xm,{}
421,Felix Davis,felixdavis359,Kr8#v6Np,{}
422,Gina Evans,ginaevans148,Ws1@k7Xm,{}
423,Hugo Green,hugogreen673,Tx4!v7Np,{}
424,Ian Harris,ianharris820,Jh7#o1Lp,{}
425,Jade Jenkins,jadejenkins509,Xd3%u6Rc,{}
426,Kyle King,kyleking364,Fp8@k9Np,{}
427,Lana Lopez,lanalopez581,Kr1%v7Rc,{}
428,Mason Martin,masonmartin498,Ws5@o3Lp,{}
429,Nina Nelson,ninanelson387,Tx9%k5Rc,{}
430,Omar Parker,omarparker290,Jh2@u6Np,{}
431,Pam Quinn,pamquinn705,Xd5!v3Lp,{}
432,Quinn Reed,quinnreed680,Fp7&o9Xm,{}
433,Rita Scott,ritascott196,Kr4#v8Np,{}
434,Steve Taylor,stevetaylor367,Ws1!u4Xm,{}
435,Tina Adams,tinaadams526,Tx6@o4Lp,{}
436,Umar Brown,umarbrown759,Jh8%v3Rc,{}
437,Vera Carter,veracarter840,Xd3@u2Np,{}
438,Wendy Davis,wendydavis157,Fp6!k4Rc,{}
439,Xander Evans,xanderevans694,Kr3#v6Np,{}
440,Yara Green,yaragreen529,Ws9!u3Rc,{}
441,Zara Harris,zaraharris846,Tx4&o9Xm,{}
442,Aiden Jenkins,aidenjenkins347,Jh1%v5Rc,{}
443,Bob King,bobking510,Xd6@o1Np,{}
444,Carl Lopez,carllopez729,Fp3!u9Xm,{}
445,Diana Martin,dianamartin840,Kr7#v9Np,{}
446,Elena Nelson,elenanelson357,Ws1&o5Rc,{}
447,Frank Parker,frankparker820,Tx8%u7Np,{}
448,Gary Quinn,garyquinn293,Jh2@v6Rc,{}
449,Holly Reed,hollyreed486,Xd5!k9Np,{}
450,Ian Scott,ianscott609,Fp8%o3Rc,{}
451,Jane Taylor,janetaylor250,Kr4@u9Xm,{}
452,Kate Adams,kateadams480,Ws6#v4Np,{}
453,Liam Brown,liambrown673,Tx3&o8Xm,{}
454,Mary Carter,marycarter846,Jh7@k2Np,{}
455,Nina Davis,ninadavis357,Xd4!v6Rc,{}
456,Oscar Evans,oscarevans509,Fp6&o3Xm,{}
457,Pam Green,pamgreen840,Kr3@u9Np,{}
458,Quinn Harris,quinnharris526,Ws8!v5Xm,{}
459,Rita Jenkins,ritajenkins357,Tx4&o7Np,{}
460,Steve King,steveking693,Jh8#k2Rc,{}
461,Tina Lopez,tinalopez480,Xd3&o7Np,{}
462,Umar Martin,umarmartin673,Fp5@k9Xm,{}
463,Vera Nelson,veranelson846,Kr7#v9Np,{}
464,Wade Owens,wadeowens357,Ws1&o6Xm,{}
465,Xena Parker,xenaparker840,Tx6!v3Np,{}
466,Yara Quinn,yaraquinn293,Jh4#o9Rc,{}
467,Zane Reed,zanereed486,Xd7&o9Np,{}
468,Amy Scott,amyscott609,Fp2!k4Xm,{}
469,Bob Taylor,bobtaylor250,Kr8@v7Np,{}
470,Claire Adams,claireadams673,Ws3!u8Rc,{}
471,Dylan Brown,dylanbrown480,Tx2&o7Np,{}
472,Emily Carter,emilycarter693,Jh5#k3Rc,{}
473,Felix Davis,felixdavis357,Xd9&o7Np,{}
474,Gina Evans,ginaevans526,Fp4@v3Xm,{}
475,Hugo Green,hugogreen480,Kr8!u2Np,{}
476,Ian Harris,ianharris693,Ws3&o7Rc,{}
477,Jade Jenkins,jadejenkins480,Tx2@k9Xm,{}
478,Kyle King,kyleking357,Jh4!v6Np,{}
479,Lana Lopez,lanalopez609,Xd7&o9Rc,{}
480,Mason Martin,masonmartin480,Fp2@u6Xm,{}
481,Nina Nelson,ninanelson526,Kr8#v3Np,{}
482,Omar Parker,omarparker693,Ws3&o9Rc,{}
483,Pam Quinn,pamquinn480,Tx2&o7Np,{}
484,Quinn Reed,quinnreed357,Jh4!v6N,{}
485,Aryaman Sawhney,aryamansawhney,abc123,{}
